building_id,neutral_temp,records,cooling_type,region,t_out_mean
1,22.58573826442118,170,mixed mode,oceania,15.296856508875742
2,22.058338634917742,83,air conditioned,oceania,13.995833333333334
3,23.14218689913402,85,air conditioned,americas,0.5834803921568628
4,23.642083333333318,137,mixed mode,oceania,19.284219527363184
5,22.071787805197552,128,air conditioned,americas,9.048209635416667
6,22.694425259382612,96,air conditioned,americas,17.668113952020203
7,22.304063901584737,152,air conditioned,americas,14.604239766081871
8,21.76144787568954,133,air conditioned,americas,9.088630952380953
9,23.08942467618239,111,air conditioned,americas,11.248123123123122
10,23.99493670886076,17,air conditioned,europe,15.8
11,21.331512605042022,15,air conditioned,europe,16.3
12,23.15186640471513,32,air conditioned,europe,11.5
13,19.727027027027038,16,air conditioned,europe,10.158333333333331
14,19.20826446280992,16,air conditioned,europe,7.25
15,18.86981132075472,6,air conditioned,europe,4.008333333333333
16,22.522222222222222,9,air conditioned,europe,5.008333333333333
17,20.675000000000004,7,air conditioned,europe,8.841666666666667
18,22.65623723334941,31,air conditioned,oceania,15.444489247311829
20,20.034755506952024,10,air conditioned,oceania,11.820833333333333
21,23.054184699964896,17,air conditioned,oceania,11.820833333333333
22,22.381182135391,80,air conditioned,oceania,9.871354166666666
23,21.661504329168437,53,air conditioned,oceania,13.445833333333333
24,22.040338289794814,35,air conditioned,oceania,14.075
25,21.723876319758666,17,air conditioned,oceania,14.075
26,17.591507715691577,17,air conditioned,oceania,11.783333333333331
27,19.714522508816806,10,air conditioned,oceania,11.783333333333331
28,21.559711370493893,24,air conditioned,oceania,11.783333333333331
29,21.87838983878848,12,air conditioned,oceania,16.654166666666665
30,20.590546759277792,25,air conditioned,oceania,10.933333333333332
31,21.088161424042912,17,air conditioned,oceania,10.933333333333334
32,22.561685289917175,32,air conditioned,oceania,12.616666666666667
33,22.35693393562959,12,air conditioned,oceania,16.654166666666665
34,21.89722116603296,16,air conditioned,oceania,14.429166666666667
35,21.962747988810317,39,air conditioned,oceania,14.429166666666669
36,22.623775963669992,95,air conditioned,oceania,14.691052631578948
37,21.583791892098294,31,air conditioned,oceania,13.85
38,23.530201766953198,14,air conditioned,oceania,14.858333333333334
39,22.733494398474484,38,air conditioned,oceania,11.9875
40,23.247527529242802,30,air conditioned,oceania,21.947916666666668
41,23.242875035237702,85,air conditioned,oceania,30.503186274509805
42,22.878933212686118,58,air conditioned,oceania,19.22083333333333
43,22.6650836490811,47,air conditioned,oceania,19.0125
44,24.4359744834809,23,air conditioned,oceania,25.84166666666667
45,24.3628064174607,17,air conditioned,oceania,28.225
46,22.924909063120893,11,air conditioned,oceania,21.947916666666668
47,22.775181534931626,14,air conditioned,oceania,25.84166666666667
48,25.928147308592433,26,air conditioned,oceania,30.441666666666663
49,22.85377777777777,30,air conditioned,oceania,28.225
50,22.040628748500602,17,air conditioned,oceania,21.947916666666668
51,22.93218493592126,33,air conditioned,oceania,30.441666666666663
52,23.834550874915017,92,air conditioned,oceania,23.045471014492755
53,23.562663095086243,29,air conditioned,oceania,24.09166666666667
54,21.542972100045002,17,air conditioned,oceania,24.09166666666667
55,23.457134396763763,60,air conditioned,oceania,25.316666666666663
56,24.270079742364725,195,air conditioned,oceania,26.181088082901553
57,23.576126259349284,102,air conditioned,oceania,25.741176470588233
58,23.81929148008722,69,air conditioned,oceania,25.813043478260873
59,23.651139943841475,114,air conditioned,oceania,26.269298245614035
60,23.325814689828317,84,air conditioned,oceania,26.084939759036146
61,27.561430936531433,157,naturally ventilated,oceania,26.871974522292998
62,27.708038557419158,124,naturally ventilated,oceania,25.653252032520324
63,28.116242181404633,69,naturally ventilated,oceania,25.782608695652176
64,27.499753301429603,211,naturally ventilated,oceania,26.35521327014218
65,26.10449997759255,49,naturally ventilated,oceania,22.820408163265306
66,24.33128575730202,14,air conditioned,oceania,23.61003401360544
67,22.68462469733657,12,air conditioned,oceania,23.869995590828925
68,22.795704956171488,131,air conditioned,oceania,24.792802617230098
69,23.831598926522656,81,air conditioned,oceania,24.84135802469136
70,23.872895259463405,97,air conditioned,oceania,25.358457426498664
71,23.71277258369382,52,air conditioned,oceania,24.90714285714286
72,23.418180731913264,53,air conditioned,oceania,25.219474393530998
73,23.471680445174137,50,air conditioned,oceania,25.291714285714285
74,22.38455664304047,100,air conditioned,oceania,29.12392138526498
75,23.897200108804075,58,air conditioned,oceania,28.91419193809418
76,23.435564047632834,157,air conditioned,oceania,28.872115384615388
77,25.304926555172116,58,air conditioned,oceania,29.048497793784016
78,24.03113774261385,49,air conditioned,oceania,28.200800592345782
79,23.31057108771203,48,air conditioned,oceania,28.672419290992256
80,24.574516431041587,85,air conditioned,oceania,29.05737407783626
81,21.93092882539702,83,air conditioned,oceania,19.34036144578313
82,23.256790051252054,243,air conditioned,oceania,18.761875
83,23.54746986613342,102,air conditioned,oceania,19.620098039215687
84,24.205988378763937,84,air conditioned,oceania,21.15714285714286
85,22.518750067669266,126,naturally ventilated,oceania,19.884400000000003
86,23.045977548600725,411,naturally ventilated,oceania,19.86009732360097
87,22.707339449541287,16,naturally ventilated,oceania,21.450000000000003
88,23.677136033708226,56,air conditioned,oceania,21.43392857142857
89,22.972841678806905,63,air conditioned,oceania,16.916071428571428
90,23.51982532751092,19,air conditioned,oceania,21.40833333333333
91,23.566157280559118,82,air conditioned,oceania,18.87610518292683
92,24.598857877690975,22,air conditioned,oceania,18.8
93,22.615222970704274,61,air conditioned,oceania,19.091840277777774
94,22.938382991306405,22,air conditioned,oceania,17.66903409090909
95,23.479899514864275,45,air conditioned,oceania,19.368333333333332
96,23.242214456747664,38,air conditioned,oceania,19.484155701754382
97,23.603940255380117,100,air conditioned,oceania,18.13402083333333
98,23.734937182588432,105,air conditioned,oceania,19.092936507936507
99,23.302620163341818,14,air conditioned,oceania,15.558333333333334
100,23.930295938477038,44,air conditioned,oceania,27.061268939393937
101,23.273657926698576,61,air conditioned,oceania,26.43309426229508
102,23.257648945921176,14,air conditioned,oceania,27.51666666666667
103,23.605374797645858,125,air conditioned,oceania,27.339348118279567
104,23.959568060082727,46,air conditioned,oceania,27.525185185185183
105,23.227092815136796,23,air conditioned,oceania,27.415217391304346
106,23.399097313169474,43,air conditioned,oceania,26.938178294573643
107,23.184354498808865,35,air conditioned,oceania,26.011666666666667
108,24.662162804168677,100,air conditioned,oceania,26.649463058419244
109,23.1111481394149,98,air conditioned,oceania,27.24987113402062
110,23.910232623318375,15,air conditioned,oceania,27.6125
111,23.52130841121496,39,air conditioned,americas,15.624358974358971
112,24.976121372031656,40,air conditioned,americas,18.5625
113,23.474837872892344,42,air conditioned,americas,15.36190476190476
114,23.693333333333335,6,air conditioned,americas,14.85
115,23.503439803439814,39,air conditioned,americas,20.81923076923077
116,22.60434782608696,40,air conditioned,americas,20.00125
117,24.014767547857794,41,air conditioned,americas,19.38048780487805
118,25.037801138852394,44,air conditioned,americas,22.723863636363635
119,23.713054830287206,41,air conditioned,americas,20.885365853658538
120,23.148148148148145,40,air conditioned,americas,19.246875
121,26.18993710691825,31,air conditioned,americas,13.061290322580644
122,23.805597014925368,40,air conditioned,americas,15.454999999999998
123,22.816251415628546,37,air conditioned,americas,-22.994425675675675
124,22.635922330097095,39,air conditioned,americas,-29.708333333333332
125,23.3225,40,air conditioned,americas,-20.564322916666665
126,23.26306068601583,38,air conditioned,americas,-19.19095394736842
127,23.22530973451328,39,air conditioned,americas,-13.746153846153847
128,22.795065789473682,40,air conditioned,americas,-18.572604166666668
129,23.192657992565053,44,air conditioned,americas,-23.524242424242424
130,22.897123202001247,40,air conditioned,americas,-17.082291666666666
131,23.06459694989106,40,air conditioned,americas,-19.61953125
132,22.938582219639745,30,air conditioned,americas,-14.146944444444443
133,23.716135458167344,39,air conditioned,americas,-26.098344017094014
134,23.034798138897315,235,air conditioned,asia,28.05
135,28.988036367283602,583,naturally ventilated,asia,27.378216123499147
136,24.23899954553582,389,air conditioned,asia,29.77176046176046
137,29.555276013297348,193,naturally ventilated,asia,28.34294761082326
138,30.60639316396381,173,naturally ventilated,asia,29.393443152454775
139,29.308183701657462,25,naturally ventilated,asia,30.14444444444445
140,23.02394660518078,380,air conditioned,asia,30.159280806737588
141,29.367016274201106,409,naturally ventilated,europe,25.833734395109396
142,30.16764789231315,276,naturally ventilated,europe,28.04611528822055
143,28.50001857558075,443,naturally ventilated,europe,23.208595623501196
144,30.710415168943204,176,naturally ventilated,europe,26.970584381551365
145,28.213527906208704,187,naturally ventilated,europe,24.716845878136198
146,31.137492354740054,135,naturally ventilated,europe,29.488336489898987
147,24.9655765920826,103,air conditioned,asia,29.46546463245492
148,27.621146953405013,98,air conditioned,asia,29.895422541310896
149,26.94830932679539,96,air conditioned,asia,11.015388257575758
150,26.959690778575364,91,air conditioned,asia,28.106278729440493
151,24.5162827640985,70,air conditioned,asia,27.138412698412697
152,29.69212707182321,97,naturally ventilated,asia,27.224806701030925
153,27.018897637795277,41,mixed mode,asia,30.254101995565414
154,27.021161898652977,34,naturally ventilated,oceania,27.579166666666666
155,27.188333333333304,20,naturally ventilated,oceania,27.579166666666662
156,28.4790926237795,540,naturally ventilated,oceania,28.458904320987653
157,29.196676369635444,458,naturally ventilated,oceania,27.648071324599705
158,24.27111285009093,95,air conditioned,oceania,27.675
159,23.81914810184898,608,air conditioned,oceania,27.868153782894733
160,23.101797951740892,43,naturally ventilated,oceania,22.43701550387597
161,22.791861709326113,68,naturally ventilated,oceania,24.691666666666663
162,26.422172128816403,495,naturally ventilated,oceania,25.848358585858588
163,26.52278024336756,523,naturally ventilated,oceania,24.280329827915867
164,23.409078998636147,87,air conditioned,oceania,26.416666666666668
165,22.58773935124365,573,air conditioned,oceania,22.54644415357766
168,22.807051683516754,390,air conditioned,americas,1.0865277777777778
169,23.385615152257298,437,air conditioned,americas,0.8319363882443929
170,22.357249070631923,988,air conditioned,americas,0.4924918969634936
171,23.36174794173528,44,air conditioned,americas,1.4250946969696967
172,31.386866902237927,190,naturally ventilated,asia,29.90497076023391
173,24.74796035310516,470,naturally ventilated,asia,20.600851063829786
174,29.475959762939006,437,naturally ventilated,asia,29.21020642201835
175,29.52772385613442,556,naturally ventilated,asia,28.08911238161238
176,19.545477409973955,513,naturally ventilated,asia,13.9926614481409
177,28.572998957194088,492,naturally ventilated,asia,25.416700610997964
178,19.86212610899874,425,naturally ventilated,asia,7.959551886792452
179,27.183671014547226,568,naturally ventilated,asia,26.76830985915493
180,13.26898543747744,548,naturally ventilated,asia,11.5
181,22.12721085735828,496,naturally ventilated,europe,14.029578293010752
182,21.29512673461504,334,naturally ventilated,europe,13.755766591816368
183,23.24801381692573,47,naturally ventilated,europe,13.98918439716312
200,23.515527266161072,79,mixed mode,europe,9.242343530239099
201,24.377154963228435,110,mixed mode,europe,12.432090220385675
202,25.553589245221897,60,mixed mode,europe,13.909339689265536
523,22.79382321815129,107,air conditioned,americas,22.686915887850468
524,22.58625090122568,119,air conditioned,americas,24.34407096171802
525,23.413641187534704,92,air conditioned,americas,17.185990338164252
526,22.544995658598754,108,air conditioned,americas,15.661008230452675
527,23.927085145148826,107,air conditioned,americas,17.27673935617861
528,22.691361733376375,117,air conditioned,americas,17.376543209876544
529,22.376856970474,23,air conditioned,americas,21.18357487922706
530,24.37021706887429,122,naturally ventilated,americas,16.333333333333325
531,22.296601554618004,115,naturally ventilated,americas,16.8743961352657
532,24.173396023091733,123,naturally ventilated,americas,17.816169828364945
533,23.155019833280523,146,air conditioned,americas,15.702054794520548
534,23.006178269464417,123,air conditioned,americas,6.271454381210479
535,21.373671388027315,101,air conditioned,americas,5.621562156215621
536,22.663093049405166,134,air conditioned,americas,10.881011608623549
537,22.87983745937913,122,air conditioned,americas,12.552367941712204
538,22.90903846646298,147,air conditioned,americas,13.662131519274375
539,22.407875837909746,145,air conditioned,americas,10.18007662835249
540,23.05092431165677,121,naturally ventilated,americas,13.916666666666671
541,22.137637772681806,132,naturally ventilated,americas,12.186447811447813
542,23.29215487490992,136,naturally ventilated,americas,14.05637254901961
548,24.576666666666664,8,naturally ventilated,europe,15.0
549,21.972258788332088,140,naturally ventilated,europe,11.681101190476191
550,23.233676092544997,31,naturally ventilated,europe,6.90625
551,21.327754459601266,44,naturally ventilated,europe,4.864583333333333
552,21.580111731843573,31,naturally ventilated,europe,7.0
553,20.892163237074183,67,naturally ventilated,europe,7.12764303482587
554,23.34138370951914,36,naturally ventilated,europe,8.33912037037037
555,22.59426424204665,121,mixed mode,europe,10.757317493112948
557,24.111486659033044,424,naturally ventilated,europe,20.731824530549858
560,24.00652529761904,277,air conditioned,asia,29.36101083032491
564,22.110176062025516,108,naturally ventilated,africa,23.060838525441326
567,12.48155339805825,50,naturally ventilated,africa,13.562184343434343
570,25.642400000000016,72,naturally ventilated,africa,24.807032472613457
572,18.064002557544747,35,naturally ventilated,africa,14.337208994708995
575,23.96597716934169,116,naturally ventilated,africa,25.520444204980844
577,18.349289436286114,100,naturally ventilated,africa,13.485173611111112
579,12.7,2,air conditioned,africa,24.805208333333333
580,25.22617586912066,104,naturally ventilated,africa,23.642514690170938
583,18.288888888888877,11,air conditioned,africa,14.201704545454545
584,18.80915998311523,77,naturally ventilated,africa,14.270229076479078
586,23.690365910143594,85,naturally ventilated,africa,22.243382352941175
589,19.57333333333333,15,air conditioned,africa,14.053125
590,18.476315789473684,39,naturally ventilated,africa,15.77849893162393
595,26.35276286706663,134,air conditioned,asia,22.478535353535353
599,23.396768098647577,368,air conditioned,americas,22.84582851080247
600,23.830723411602214,246,mixed mode,americas,22.68640502535731
602,22.880995524014526,906,air conditioned,americas,19.50450114324558
603,23.105858711279566,1225,mixed mode,americas,18.947448146615155
604,24.045817003330747,715,mixed mode,oceania,22.521800699300698
605,22.094894846723868,644,mixed mode,oceania,15.663308747412009
628,24.066149664214887,195,mixed mode,europe,18.61550925925926
629,24.910450819672135,132,naturally ventilated,europe,17.22969276094276
630,24.64587546064444,136,mixed mode,europe,11.407074288048552
631,25.55048107761386,60,mixed mode,europe,19.796875
632,26.187090893306713,105,naturally ventilated,europe,20.416466346153847
634,20.428878052761515,378,naturally ventilated,asia,5.81483449861426
635,24.730707284603398,745,naturally ventilated,americas,14.818747203579418
636,21.640624390290007,663,naturally ventilated,americas,10.701758214050196
638,29.75965909090911,13,air conditioned,asia,31.9
639,27.84873797019877,382,mixed mode,asia,33.848731408573926
640,31.780584940883635,32,naturally ventilated,asia,32.84622395833333
647,26.705599999999997,49,air conditioned,asia,29.2359268707483
648,25.350794223826714,110,mixed mode,asia,25.418153907496013
649,31.67142857142856,10,naturally ventilated,asia,26.906666666666666
653,29.074073423502547,101,air conditioned,asia,26.785299779977997
654,26.512077561406937,1527,mixed mode,asia,26.67369842829077
655,28.432867036960836,152,air conditioned,asia,31.18354349415205
656,26.897471333591366,1127,mixed mode,asia,30.651273045450065
657,25.033133153862074,70,air conditioned,asia,26.041830357142857
658,27.0380342502481,1830,mixed mode,asia,24.354014875531266
659,28.428706727629013,58,naturally ventilated,asia,24.42367097701149
660,26.301920581365163,63,air conditioned,asia,31.11359126984127
661,27.29023182273184,1085,mixed mode,asia,30.478803123399896
662,30.788721264367812,35,naturally ventilated,asia,28.91051587301587
664,24.345818281911917,84,air conditioned,americas,28.896725063131314
671,22.654170472503743,782,mixed mode,americas,10.449488491048593
672,23.888261308356117,566,mixed mode,americas,18.07204554416961
673,23.687989442319484,587,mixed mode,americas,28.37791027768313
674,22.783698575949376,545,mixed mode,americas,3.4479102972477067
684,24.971621813699052,355,mixed mode,asia,22.27284820031299
685,23.869999192767185,167,naturally ventilated,asia,17.441641716566867
686,24.669107429182244,424,air conditioned,asia,27.65
687,26.47234185410773,367,naturally ventilated,asia,25.025106382978727
688,26.039690478779313,200,air conditioned,asia,24.7
689,26.7816199376947,160,naturally ventilated,asia,23.7546875
690,25.831099854624753,399,air conditioned,asia,26.58277290448343
691,28.57078226208271,189,naturally ventilated,asia,26.210192533803646
692,25.780064630299293,200,air conditioned,asia,32.294444444444444
693,34.27773141122914,90,naturally ventilated,asia,32.91111111111111
694,23.93935965104194,430,air conditioned,asia,31.23691860465116
695,28.867854499652076,525,mixed mode,asia,30.871448412698413
696,24.21509213880037,196,air conditioned,asia,12.395833333333334
697,20.586185259301956,237,mixed mode,asia,11.587992264416314
698,21.933419350623897,425,mixed mode,asia,28.909859154929578
699,23.92021614533633,533,naturally ventilated,asia,32.62636022514071
701,16.405534531693466,241,naturally ventilated,asia,13.4
728,25.553014345378614,91,air conditioned,asia,23.348351648351645
729,26.633269856383425,150,mixed mode,asia,25.7567568627451
730,26.679638439581343,159,naturally ventilated,asia,24.078484165154535
731,26.16972111553786,251,air conditioned,asia,22.483817112502372
732,26.68409090909091,31,naturally ventilated,asia,21.391705069124423
733,25.98761840324762,167,air conditioned,asia,22.63819860279441
734,25.950000000000006,6,naturally ventilated,asia,22.649999999999995
735,24.209891690676976,629,air conditioned,asia,29.154272655007947
736,28.61653846153846,23,naturally ventilated,asia,27.53125
737,24.37520278099652,99,air conditioned,asia,28.469928451178447
738,24.267827106025095,387,air conditioned,asia,28.905321675302243
739,23.50526315789474,56,air conditioned,asia,25.815476190476186
741,24.646172638436475,54,mixed mode,europe,20.87241512345679
742,25.945454545454538,15,naturally ventilated,europe,22.05
745,22.474031600407738,81,mixed mode,europe,4.333867521367522
746,22.629560585885486,60,naturally ventilated,europe,4.440982551487414
761,24.10845400857536,142,naturally ventilated,europe,16.81106954225352
763,20.83784167554135,134,naturally ventilated,europe,9.983255597014926
771,23.439682733374,161,air conditioned,europe,15.119836956521741
772,23.082807731434386,94,air conditioned,europe,2.571259805501827
779,28.21061857774348,118,air conditioned,asia,28.855652173913043
